店名,店舗電話番号,住所,営業時間,定休日,アクセス,入口幅が80cm以上である,入口の移動経路は平坦または段差が2cm以下である,店舗内の椅子は移動可能である,店舗内は車椅子での移動が可能である,テーブル下にスペースがある（高さ65cm×幅70cm×奥行45cm程度）,店舗内または同じフロア内にトイレがある,車椅子使用者対応トイレがある（施設内の他フロアを含む）またはオストメイトがある,写真メニューがある,英語等外国語のメニューがある,点字表記のメニューがある,筆談によるコミュニケーションがある,手話のできるスタッフがいる,事前申請によるアレルギー対応が可能,事前申請によるベジタリアンまたはヴィーガン対応が可能,事前申請によるハラール対応が可能,店舗URL
TOKYO STATION BUFFET 馳走三昧 大丸東京店,03-6895-2858,東京都千代田区丸の内1-9-1 大丸東京店 12F,ランチ11:00~16:00(LO15:30)ディナー16:00~22:00(LO21:00),定休日無し,JR・地下鉄「東京」直結,〇,〇,〇,〇,〇,〇,〇,,,,,,〇,,,https://tabelog.com/tokyo/A1302/A130201/13146400/
チャイニーズ青菜 丸の内ブリックスクエア店,03-6269-9080,東京都千代田区丸の内2-6-1 丸の内ブリックスクエア2F,ランチ11:00~15:00(LO14:30)ディナー月～土17:00~23:00(LO22:00)日・祝17:00~22:00(LO21:30),施設に準ずる,JR・地下鉄「東京」徒歩5分、JR・地下鉄「有楽町」徒歩5分、地下鉄「二重橋前」徒歩2分,〇,〇,〇,〇,〇,〇,〇,,〇,,〇,,,,,https://kiwa-group.co.jp/chintsai_marunouchi/
人人人 東京ビルTOKIA店,03-5252-7361,東京都千代田区丸の内2-7-3,ランチ11:00~16:00(通し)ディナー~23:00(LO22:00)　※（金）のみ~4:00(LO3:00),定休日無し,JR・地下鉄「有楽町」徒歩7分,〇,〇,〇,〇,〇,〇,,,〇,,〇,,,,,https://kiwa-group.co.jp/renrenren_tokyo/
Morton’s The Steakhouse 丸の内,03-6270-3900,東京都千代田区丸の内3-2-3 丸の内二重橋ビル2F,ランチ11:00~15:30(LO14:00)ディナー17:00~23:30(LO22:00),施設に準ずる,JR・地下鉄「東京」地下直結,〇,〇,〇,〇,〇,〇,〇,,〇,,〇,,〇,〇,〇,http://mortons-jp.com/shop.html
梅梅 日比谷シャンテ店,03-6550-8734,東京都千代田区有楽町1-2 日比谷シャンテ B2F,11:00~22:00(LO21:00),施設に準ずる,JR「有楽町」徒歩8分,〇,〇,〇,〇,〇,〇,〇,〇,〇,,〇,,〇,,,https://kiwa-group.co.jp/meimei_hibiya/
Boulangerie JEAN FRANCOIS 東京ミッドタウン日比谷店,03-5157-0270,東京都千代田区有楽町1-1-2 東京ミッドタウン日比谷B1F,10:00~21:00,施設に準ずる,地下鉄「日比谷」直結、地下鉄「有楽町」徒歩4分、JR「有楽町」徒歩5分、地下鉄「銀座」徒歩5分 ,〇,〇,〇,,〇,〇,〇,,,,〇,,〇,,,https://bread-jeanfrancois.com/1308/
カフェ・トリオンプ,03-6380-9540,東京都千代田区外神田5-6-4 1F,11:30~21:00 (LO20:30)ランチ11:30~14:00(LO14:00) ,土・日・祝・臨時休業あり,地下鉄「末広町」徒歩2分、JR「御徒町駅」徒歩6分、JR「秋葉原」徒歩7分,〇,,〇,〇,〇,〇,,,,,〇,,,,,https://sweettrip.biz/
Book House Cafe,03-6910-0819,東京都千代田区神田神保町2-5 北沢ビル1F,11:00~18:00(LO17:00) ,定休日無し,地下鉄「神保町」徒歩1分,〇,〇,〇,〇,〇,〇,,〇,〇,,〇,,,,,https://bookhousecafe.jp/
アジアンビストロ Dai 東京ガーデンテラス店,03-6256-9975,東京都千代田区紀尾井町1-3 紀尾井テラス 2F,ランチ11:30~15:00(LO15:00)ディナー15:00~23:00(LO22:00),年末年始のみ,地下鉄「永田町」徒歩0分,〇,,〇,〇,〇,〇,〇,〇,〇,,〇,,〇,,,https://www.pleasure-company.com/asian_bistro/
ベンジャミンステーキハウス 東京ガーデンテラス紀尾井町店,03-3263-5544,東京都千代田区紀尾井町1-3 東京ガーデンテラス紀尾井町4F,ランチ11:30~15:00(LO14:00)ディナー月~土17:00~22:30(LO21:30)日・祝・連休最終日17:00~22:00(LO21:00),定休日無し,地下鉄「永田町」直結、地下鉄「赤坂見附」徒歩9分,〇,〇,〇,〇,〇,〇,,,〇,,〇,,,,,https://www.benjaminsteakhouse.jp/kioi/
カフェ　シェ・アンドレドゥ・サクレクール,03-6228-1053,東京都中央区日本橋人形町1-8-5,11:00~20:30(LO19:00)ランチ11:00~14:30 ディナー17:00~20:30,日・月・祝,地下鉄「人形町」徒歩1分、地下鉄「水天宮前」徒歩3分,〇,〇,〇,〇,〇,〇,,,〇,,〇,,,,,http://park7.wakwak.com/~chezandrescoeur/
焼肉はっぴぃ人形町店,03-6661-7308,東京都中央区日本橋人形町1-4-13 重本ビル1F,ランチ11:30~15:00ディナー15:00~22:00(LO21:00),年末年始,地下鉄「人形町」徒歩３分,〇,〇,〇,〇,〇,〇,,〇,,,〇,,〇,,,https://www.yakiniku-happy.jp/shop/1
CRAFTROCK BREWPUB&LIVE,03-5542-1069,東京都中央区日本橋室町3-2-1 コレド室町テラス1F,平日ランチ11:00~15:00(LO14:00)ディナー17:00~23:00(LO22:00)土・日11:00~23:00,施設に準ずる,地下鉄「三越前」直結、JR「新日本橋」直結,〇,〇,,,,〇,〇,,〇,,〇,,〇,〇,〇,https://craftrock.jp/brewpub/store/
Gino Sorbillo Artista Pizza Napoletana,03-6910-3553,東京都中央区日本橋室町3-2-1 コレド室町テラス1F,11:00~23:00(LO21:30)ランチ11:00~14:00,施設に準ずる,地下鉄「三越前」直結、JR「新日本橋」直結,〇,〇,〇,〇,〇,〇,〇,,〇,,〇,,〇,〇,〇,https://www.instagram.com/sorbillopizza_japan/
いい乃じ,03-6225-2120,東京都中央区日本橋室町3-2-1 コレド室町テラス1F,11:00~15:00(LO14:00) 17:00~23:00(LO22:00),施設に準ずる,地下鉄「三越前」直結、JR「新日本橋」直結,〇,〇,〇,〇,〇,〇,〇,,〇,,〇,,〇,〇,〇,https://iinoji.zetton.co.jp/?utm_source-google&utm_medium-maps
肉バル　DE ICHIBA　八丁堀店,03-6803-0861,東京都中央区八丁堀2-30-17 亀島橋ビル1F・2F,ランチ11:30~15:00(LO14:30)ディナー17:00~23:00(LO22:30),日・祝,JR・地下鉄「八丁堀」徒歩2分,〇,,〇,〇,〇,〇,,〇,〇,,〇,,,,,https://www.chimney.co.jp/restaurant/detail/?id-1231
ブリランテタヴォラDai勝どき店,03-6910-1699,東京都中央区勝どき4-6-2 109区画B方,ランチ11:00~15:00(LO14:30)ディナー17:00~23:00(LO22:00),定休日無し,地下鉄「勝どき」徒歩5分,〇,〇,〇,〇,〇,〇,,〇,,,〇,,,,,https://www.pleasure-company.com/wine_bistro/
鮨 たかや,03-3573-8030,東京都中央区銀座7-3-9 銀座Leeビル B1F,ランチ12:00~14:00(LO13:30)ディナー 17:30~22:30(LO21:00),不定休,地下鉄「銀座」徒歩5分、JR「新橋」徒歩5分、JR・地下鉄「有楽町」徒歩5分,〇,〇,〇,〇,〇,〇,,,〇,,,,〇,〇,〇,http://www.kutani-ginza.com/ja/
レストラン　ノア,03-3561-2230,東京都中央区銀座西2-2 銀座インズ2 2F,月・火・水11:30～22:00木・金・土13:00~22:00,日・祝,JR「有楽町」徒歩2分,〇,〇,〇,〇,〇,〇,〇,〇,〇,,〇,,〇,〇,〇,https://r.gnavi.co.jp/g293417/
ブルドック 銀座 クラフトビール,03-3564-0996,東京都中央区銀座西3-1 銀座インズ1 2F,平日15:00~23:00(LO22:00)土・日・祝12:00~23:00 (22:00) 　　　　,定休日無し,JR「有楽町」徒歩1分、地下鉄「銀座」直結,〇,〇,〇,〇,〇,,,〇,〇,,〇,,,,,https://ginza-bulldog.com/
Bar Espanol LA BODEGA 銀座店,03-6264-5456,東京都中央区銀座5-2-1 東急プラザ銀座 10Ｆ,ランチ11:00~16:00ディナー17:00~23:00(LO21:45),不定休,地下鉄「銀座」徒歩1分、地下鉄「日比谷」徒歩2分、地下鉄「有楽町」徒歩2分、JR「有楽町」徒歩4分,〇,〇,〇,〇,〇,〇,〇,〇,〇,,〇,,〇,,,https://bar-espanol-labodega-ginza.com/index.html
箱根暁庵 銀座三越店,03-6228-6918 ,東京都中央区銀座4-6-16 銀座三越 新館11F,11:00~21:00(LO20:00),定休日無し,地下鉄「銀座」徒歩3分,〇,〇,〇,〇,〇,〇,〇,〇,〇,,〇,,〇,,,https://akatsukian.jp/shop-ginza
雲南キノコ火鍋 御膳房 銀座店,03-6228-6231,東京都中央区銀座2-6-5 銀座トレシャスビル1 1F,平日ランチ11:30~15:00(LO14:30)ディナー17:00~23:00(LO22:00)土・日・祝11:30～22:00(L.O:21:00)※ランチLO15:00,12/31はランチ営業のみ・1/1,地下鉄「銀座一丁目」徒歩0分、地下鉄「銀座」徒歩5分、JR「有楽町」徒歩4分,〇,〇,〇,〇,〇,〇,,〇,〇,,〇,,〇,〇,,https://www.gozenbo.com/gozenbo-ginza
梅の花 銀座並木通店,03-3538-2226, 東京都中央区銀座2-3-6 並木通りビル 5F,ランチ11:00~16:00(LO15:00)ディナー17:00~22:00(LO21:00),年末年始,地下鉄「銀座」徒歩3分、JR「有楽町」徒歩5分,〇,〇,〇,〇,〇,〇,〇,〇,〇,,〇,,,〇,,https://umenohana-restaurant.co.jp/shop-list/osusume.php?id-910
BISTRO 222,03-6432-4336,東京都港区新橋4-1-1 新虎通りCORE 2階,平日ランチ11:30~14:30(LO14:00)ディナー17:00~23:00(LO22:00)土・日・祝ランチ12:00~15:00(LO14:30)ディナー17:00~22:30(LO22:00),日・不定休,JR・地下鉄「新橋」徒歩5分,〇,〇,〇,〇,〇,〇,〇,,,,〇,,,,,https://s.tabelog.com/tokyo/A1301/A130103/13226712/dtlphotolst/
Tacos Way,03-6257-1901,東京都港区虎ノ門1-17-1 虎ノ門ヒルズビジネスタワー 2F,11:00~22:00(LO21:00)ランチ 11:00~15:00ディナー 15:00~22:00土・日・祝のみ11:00~21:00(LO20:00）,年末年始・施設に準ずる,地下鉄「虎ノ門」徒歩3分、地下鉄「虎ノ門ヒルズ」徒歩4分,〇,〇,,〇,,〇,〇,〇,〇,,〇,,,,,http://www.cardenas.co.jp
京都一の傳 六本木ヒルズ店,03-6432-9808,東京都港区六本木6-10-1 六本木ヒルズウェストウォーク 5F,ランチ11:00~15:00(LO14:30)ディナー17:00~23:00(LO21:00),水・年末年始,地下鉄「六本木」徒歩1分、地下鉄「乃木坂」徒歩7分,〇,〇,〇,〇,〇,〇,〇,〇,〇,,〇,,〇,,,https://www.ichinoden.jp/ropponngi/
日本料理　菱沼,03-3568-6588,東京都港区六本木5-17-1 AXISビル B1F,18:00~23:00(LO20:30),日・祝,地下鉄「六本木」徒歩7分、地下鉄「六本木一丁目」徒歩7分、地下鉄「麻布十番」徒歩7分,〇,〇,〇,〇,〇,〇,〇,,〇,,〇,,〇,〇,,https://hishinuma-japanese-restaurant.business.site/
エディション・コウジ・シモムラ,03-5549-4562,東京都港区六本木3-1-1 六本木ティーキューブ 1F,ランチ12:00~15:30(LO13:00)ディナー18:00~22:00(LO19:30),水,地下鉄「六本木一丁目」徒歩5分,〇,,〇,〇,〇,〇,〇,,〇,,,,〇,〇,〇,https://www.koji-shimomura.jp/
ゴールデンタイガー六本木,03-5772-5580,東京都港区六本木6-10-1 六本木ヒルズヒルサイド 1F,11:00~23:00(LO22:00）,施設に準ずる,地下鉄「六本木」徒歩5分,〇,〇,〇,〇,〇,〇,〇,,〇,,〇,,〇,,,https://kiwa-group.co.jp/goldentiger/
新兄夫苑 シンヒョンブエン 赤坂店,03-6426-5593,東京都港区赤坂2-14-8 赤坂SKビル 1F,11:00~5:00,定休日無し,地下鉄「赤坂」徒歩3分、地下鉄「赤坂見附」徒歩6分、地下鉄「溜池山王」徒歩5分,〇,〇,〇,〇,,〇,,〇,〇,,,,〇,,〇,https://tabelog.com/tokyo/A1308/A130801/13283559/
熟成焼肉 肉源 赤坂店,03-5797-7390,東京都港区赤坂2-14-33 赤坂三田ビル 藤会館 2F,ランチ11:00~16:00(LO15:30)ディナー16:00～23:00(LO22:00),12/31・1/1,地下鉄「赤坂」徒歩1分,〇,〇,,〇,,〇,,〇,〇,,〇,,〇,,,https://www.nikugen.jp/shop/akasaka/
AW55 アトレ品川店,03-6717-0914,東京都港区港南2-18-1 アトレ品川 4F,ランチ11:00~14:30ディナー14:30~23:00(LO22:00)土・日・祝11:00~22:00(LO21:00),施設に準ずる,JR「品川」徒歩1分,〇,〇,〇,〇,〇,〇,〇,〇,〇,,〇,,〇,,,https://aw-kitchen.com/1646/
一頭買焼肉 醍醐 お台場店,03-3599-2929,東京都港区台場1-6-1 デックス東京ビーチ シーサイドモール 6F,ランチ11:00~15:00 (LO14:30)ディナー17:00~23:00 (LO22:00),施設に準ずる,ゆりかもめ「お台場海浜公園」徒歩2分、ゆりかもめ「台場」徒歩5分、りんかい線「東京テレポート」徒歩7分,〇,〇,,〇,〇,〇,〇,〇,〇,,,,〇,,,https://yakiniku-daigo.com/shop_info/odaiba/
ビッグシェフ,03-3599-6571,東京都港区台場1-6-1 デックス東京ビーチ シーサイドモール 5F,ランチ11:00~16:00 (LO15:00)ディナー17:30~21:00 (LO20:00),施設に準ずる,ゆりかもめ「お台場海浜公園」徒歩2分、ゆりかもめ「台場」徒歩5分、りんかい線「東京テレポート」徒歩7分,,〇,〇,〇,〇,,〇,〇,〇,,〇,,〇,,〇,https://www.hotpepper.jp/strJ000035794/
YORIMICHI Odaiba,03-6426-0234,東京都港区台場1-7-1 アクアシティお台場 6F,11:00~23:00,施設に準ずる,ゆりかもめ「台場」徒歩1分、りんかい線「東京テレポート」徒歩6分,〇,〇,〇,〇,〇,〇,〇,〇,〇,,〇,,,,,https://www.yorimichi.team-d.info/
GREEN ASIA TOKYO,03-6426-0633,東京都港区台場1-7-1 アクアシティお台場 6F,11:00~23:00 (LO22:00),施設に準ずる,ゆりかもめ「台場」徒歩1分、りんかい線「東京テレポート」徒歩6分,〇,,〇,〇,〇,〇,〇,〇,〇,,〇,,〇,〇,〇,https://www.hotpepper.jp/strJ001153828/
炭火焼肉・韓国料理 KollaBoアクアシティお台場店,03-6426-0717,東京都港区台場1-7-1 アクアシティお台場 5F,ランチ平日11:00~15:00土・日・祝11:00~15:30ディナー平日15:30~23:00土・日・祝16:00~23:00,施設に準ずる,ゆりかもめ「台場」徒歩1分、りんかい線「東京テレポート」徒歩6分,〇,〇,〇,〇,〇,〇,〇,〇,〇,,,,〇,,,https://tabelog.com/tokyo/A1313/A131306/13205108/
山下本気うどん 新宿歌舞伎町,03-5291-3002,東京都新宿区歌舞伎町1-21-12 カドービル2F・3F・4F,24時間営業,不定休,西武線「西武新宿」徒歩1分、地下鉄「新宿」徒歩4分、地下鉄「新宿西口」徒歩4分,〇,〇,〇,〇,〇,〇,,〇,〇,,〇,,,,,https://yamashita-honki-udon.com/
しゃぶ菜 新宿マルイアネックス,03-5362-7831,東京都新宿区新宿3-1-26 新宿マルイANNEX 8F,11:00~22:00（最終入店21:00）,施設に準ずる,JR「新宿」徒歩10分、地下鉄「 新宿三丁目」徒歩1分,〇,〇,〇,〇,〇,〇,〇,〇,〇,,〇,,〇,〇,,https://shabu-sai.com/1023/
しゃぶ葉 新宿NOWAビル店,03-5312-8592,東京都新宿区新宿3-37-12 新宿NOWAビル 6F,11:00~23:00(LO22:30),施設に準ずる,JR「新宿駅」徒歩１分,〇,〇,,〇,〇,〇,〇,〇,〇,,〇,,〇,〇,〇,https://store-info.skylark.co.jp/skylark/map/198426
むさしの森Diner新宿中央公園店,03-5909-0588,東京都新宿区西新宿2-11-5,7:00~22:00(LO21:00),定休日無し,地下鉄「都庁前」 徒歩4分,〇,〇,〇,〇,〇,〇,〇,〇,,,〇,,,,,https://store-info.skylark.co.jp/mmcoffee/map/198279
MORETHAN TAPAS LOUNGE,03-6300-0174,東京都新宿区西新宿4-31-1 ザノット東京新宿 1F,ランチ11:00~15:15カフェ15:30~17:00(LO16:30)ディナー17:00~23:00(LO22:00),施設に準ずる,JR「新宿」徒歩13分、京王線「初台」徒歩10分、地下鉄「都庁前」徒歩5分、地下鉄「西新宿五丁目」徒歩5分,〇,〇,〇,〇,〇,〇,〇,,〇,,〇,,〇,〇,,https://www.mothersgroup.jp/shop/morethan_dining.html
CEN DIVERSITY HOTEL&CAFE,03-6278-9901,東京都新宿区百人町1-5-19 CEN DIVERSITY HOTEL 1F,8:00~22:00,定休日無し,JR「新大久保」徒歩5分、JR「大久保駅」徒歩5分、西武線「西武新宿」徒歩4分、JR「新宿」徒歩12分,,,〇,〇,〇,〇,,,〇,,〇,,,〇,,https://hotelcen.com/cafe/
カフェ ブンブン,03-5940-2822,東京都文京区小日向2-16-15,9:00~17:00,年末年始・施設に準ずる,地下鉄「江戸川橋」徒歩5分,〇,〇,〇,〇,〇,〇,〇,,,〇,〇,,〇,,,https://team-lien.com/service/bunbun.html
関口フランスパン,03-3943-1665,東京都文京区関口2-3-3,平日・土8:00~18:00日・祝8:00~17:00,年末年始,地下鉄「江戸川橋」徒歩6分,〇,〇,〇,〇,〇,〇,,,,,〇,,〇,〇,,https://www.sekiguchipan.co.jp/index_tenpo.html
ソーシャルカフェ サインウイズミー × ベリーベリースープ,03-5615-8764,東京都文京区本郷4-15-14 区民センター 1F,11:00~17:00,不定休,地下鉄「春日」徒歩5分,〇,〇,〇,〇,〇,〇,,〇,,,〇,〇,〇,,,https://signwithme.in/
AWkitchen figlia 渋谷スクランブルスクエア店,03-6419-3380,東京都渋谷区渋谷2-24-12 渋谷スクランブルスクエア 13F,ランチ11:00~15:00(LO15:00)カフェ15:00~16:30 16:30~17:00(ドリンクのみ)ディナー17:00~23:00(LO22:00）,施設に準ずる,JR・地下鉄「渋谷駅」徒歩3分,〇,〇,〇,〇,〇,〇,〇,,〇,,〇,,〇,,,https://aw-kitchen.com/1643/
エコファームカフェ632,03-3498-0632,東京都渋谷区神宮前6-32-10,11:00~20:00(LO19:00),年末年始,JR「原宿」徒歩7分、地下鉄「明治神宮前」徒歩1分,〇,〇,〇,〇,〇,〇,〇,〇,〇,,〇,,〇,〇,,https://tabelog.com/tokyo/A1306/A130601/13010652/?cid-yo_y_ss_shop_13010652&yclid-YSS.1001214534.EAIaIQobChMIl7az763oggMV9RB7Bx05AwObEAAYASAAEgIbtPD_BwE
やさい家めい 表参道ヒルズ本家,050-1807-6493,東京都渋谷区神宮前4-12-10 表参道ヒルズ 本館 3F,ランチ11:00~16:00(LO15:00)ディナー17:00~22:30(LO21:30)※金・土のみ~23:00(LO22:00),不定休,地下鉄「表参道」徒歩5分,〇,,〇,〇,〇,〇,〇,〇,〇,,〇,,〇,〇,,https://yasaiya-mei.com/1647/
海南鶏飯食堂5,03-5468-2711,東京都渋谷区神宮前6-20-10 MIYASHITA PARK North 3F,ランチ11:00~16:00ディナー16:00~23:00(LO22:00),施設に準ずる,JR・地下鉄「渋谷」徒歩3分,〇,〇,〇,,,〇,〇,〇,〇,,〇,,〇,,,https://route9g.com/1360
Nouvelle Ethnique ATHA,03-5422-8103,東京都渋谷区恵比寿1-11-5 GEMS恵比寿 6F,月~金15:00~23:00土・日・祝11:30~23:00(ランチ~15:00）,月曜日(月が祝日の場合は翌日火曜日休み),JR「恵比寿」徒歩1分,〇,,〇,〇,〇,〇,,,〇,,〇,,〇,,,https://www.pleasure-company.com/atha/
南翔饅頭店 西武渋谷店,03-5784-0571,東京都渋谷区宇田川町21-1 西武渋谷店A館 B2F,ランチ11:00~16:00(LO15:30)ディナー17:00~21:00(LO20:30),施設に準ずる,JR・東急線「渋谷駅」徒歩2分,〇,〇,〇,〇,〇,〇,,,〇,,〇,,〇,,,http://nansho-mantouten.createrestaurants.com/jp/seibu.html
喜の字,03-5371-3690,東京都渋谷区笹塚3-19-2 青田ビル 1FA,18:00~23:30(閉店時間・LOは日ごとに差異あり),不定休,京王線「笹塚」徒歩8分,〇,〇,〇,〇,〇,〇,,,,,〇,,〇,,,http://www.kinoji-sasazuka2.jp/
Garlic Mania,03-6903-6966,東京都豊島区北大塚2-29-3 グリーンピア大塚 1F,ランチ11:30~15:00 (LO14:30)ディナー15:30~23:00(LO22:00),月曜日,JR「大塚」徒歩5分,〇,〇,〇,〇,,〇,,,〇,,〇,,〇,,,https://s.tabelog.com/tokyo/A1323/A132302/13283492/
アル・テアトロ,03-3984-2221,東京都豊島区西池袋1-8-1 東京芸術劇場 2F,ランチ11:00~15:00(LO14:30)カフェ14:30~17:00(LO16:30)ディナー17:00~21:00(LO20:00),不定休,JR「池袋」徒歩1分,〇,〇,〇,〇,〇,〇,〇,,,,〇,,〇,,,https://alteatro-ikebukuro.com/
福島家,03-3918-3330,東京都豊島区巣鴨2-1-1,9:30~18:00,水・他月2回,JR「巣鴨」徒歩1分,〇,〇,〇,〇,,〇,,〇,,,〇,,,,,https://fukushima-ya.jp/
新時代 池袋西口店,03-3982-9358,東京都豊島区池袋2-1-1 岸野ビル 1F,平日17:00~5:00(LO4:00) 土・日・祝15:00~5:00(LO4:00),定休日無し,JR・地下鉄「池袋」徒歩1分,〇,,〇,〇,〇,〇,,〇,〇,,〇,,,,〇,https://kiwa-group.co.jp/tokyogrillharbour/
菜の庵 ルミネ池袋,03-5954-8287,東京都豊島区西池袋1-11-1 ルミネ池袋店 9F,ランチ11:00~17:00(LO17:00)ディナー17:00~22:00(LO21:30),施設に準ずる,JR「池袋」徒歩1分,〇,〇,〇,〇,〇,〇,〇,〇,〇,,〇,,〇,〇,〇,https://shop.create-restaurants.co.jp/1267/
THE CELLAR TOKYO,03-6384-7345,東京都豊島区西池袋3-4-5,19:00~2:00,日曜日,JR・地下鉄「池袋」徒歩5分,〇,〇,〇,〇,〇,〇,,,〇,,〇,,〇,,〇,https://www.thecellartokyo.com/
マックスキャロット,03-3565-3668,東京都豊島区目白3-16-16 広運ビル 1F,火~木・日11:00~21:00(LO20:30)金・土11:00~22:00(LO21:30),月曜日(月が祝日の場合は翌日火曜日休み),JR「目白」徒歩2分,〇,〇,〇,,〇,〇,,,〇,,〇,,,,,https://s.tabelog.com/tokyo/A1305/A130502/13012444/
ペルファボーレ,03-5359-3970,東京都豊島区要町1-18-12,ランチ11:30~16:00(LO15:00)ディナー18:00~23:00(LO22:00),火曜日,地下鉄「要町」徒歩3分,,,〇,,〇,〇,,,,,〇,,,,,https://s.tabelog.com/tokyo/A1322/A132202/13108899/
藍屋 落合南長崎店,03-3565-7731,東京都豊島区南長崎4-5-20 iTerrace落合南長崎 2F,11:00~22:30(LO22:00),施設に準ずる,地下鉄「落合南長崎」徒歩2分,〇,〇,,,〇,〇,〇,〇,,,〇,,,,,https://store-info.skylark.co.jp/aiya/map/130479
焼肉 陽山道 パルコヤ上野店,03-6284-2880,東京都台東区上野3-24-6 パルコヤ 6F,ランチ11:00~15:00(LO15:00)ディナー15:00~22:00(LO21:00),定休日無し,JR「御徒町」徒歩3分、地下鉄「上野広小路」徒歩1分,〇,〇,〇,,,〇,〇,〇,〇,,〇,,〇,〇,〇,https://yansando.jp/parcoya-ueno/
すしと天ぷらとろ一 御徒町本店,050-5487-4102,東京都台東区上野4-1-4,11:00~6:00ランチ11:00~17:00(LO17:00)ディナー17:00~6:00(LO6:00),定休日無し,JR「御徒町」徒歩約2分,〇,〇,〇,〇,〇,〇,,〇,〇,,〇,,〇,〇,〇,https://sushi-restaurant-1386.business.site/
フォレスティーユ精養軒,03-3821-9151,東京都台東区上野公園5-45 東京文化会館内,11:00~17:00 (LO16:30)または11:00~19:00(LO18:30) 文化会館の公演等で変化あり,不定休,JR・地下鉄「上野」徒歩1分,〇,〇,〇,〇,〇,〇,〇,〇,〇,,〇,,〇,〇,,https://www.seiyoken.co.jp/restaurant/t-bunka/index.html
高級寿司食べ放題 雛鮨 上野の森さくらテラス,03-5816-3260,東京都台東区上野公園1-54 上野の森さくらテラス2F,ランチ11:00~17:00(LO16:30)ディナー17:00~23:00(LO22:30),施設に準ずる,JR・地下鉄「上野駅」徒歩1分、京成線「京成上野」徒歩1分,〇,〇,〇,〇,〇,〇,〇,〇,〇,,〇,,,,,https://hina-sushi.com/shops/ueno/
BISTRO NOHGA,03-6284-2417,東京都台東区東上野2-21-10 NOHGA HOTEL UENO TOKYO 1F,モーニング7:00~10:30(LO10:00)ランチ11:30~14:00カフェ14:00~18:00毎月第2火曜日11:00~17:00(LO16:00)ディナー 18:00~22:30(コースLO20:30),第2火曜日17:00~7:00,地下鉄「上野」徒歩3分、JR「上野」徒歩5分,〇,〇,〇,〇,〇,〇,〇,,〇,,〇,,〇,〇,,https://nohgahotel.com/ueno/bistronohga/
カフェ CREATEA,03-6803-2501,東京都台東区台東4-18-12,10:00~19:00(LO18:30)ランチ12:00~15:00(LO14:30),土・日・祝・年末年始,JR「御徒町」徒歩7分、地下鉄「仲御徒町」徒歩3分、つくばエクスプレス「新御徒町」徒歩4分、地下鉄「上野御徒町」「上野」徒歩6分、地下鉄「上野広小路」徒歩8分,〇,〇,〇,〇,〇,〇,〇,〇,〇,,〇,,〇,〇,,https://createa.jp/
上野精養軒 本店 レストラン (洋食),03-3821-2181 ,東京都台東区上野公園4-58,平日11:00~17:00(LO16:00)土・日・祝10:30~18:00(LO17:00),月曜日,JR「上野」 徒歩5分、地下鉄「上野 」徒歩5分、地下鉄「上野御徒町」徒歩8分、京成線「京成上野」徒歩5分,〇,〇,〇,〇,〇,〇,〇,〇,〇,,〇,,〇,,,https://www.seiyoken.co.jp/
一頭買焼肉 玄 浅草本店,03-5826-2929,東京都台東区浅草1-42-4 ヒューリック浅草一丁目ビル 2F,ランチ11:45~15:00(LO14:30)ディナー16:30~22:15(LO21:45)土・日・祝16:30~21:50(LO21:15),定休日無し,つくばエクスプレス「浅草」徒歩1分、地下鉄・東武線「浅草」徒歩8分,〇,,,〇,,〇,,〇,〇,,〇,,〇,〇,〇,https://gen-gen-gen.com/
浅草すし若 雷門店,050-5493-7154,東京都台東区浅草1-18-8 1~2F,ランチ11:00~16:00ディナー16:00~2:00(LO1:30),定休日無し,地下鉄「浅草」徒歩3分,〇,〇,〇,〇,〇,〇,,〇,〇,,〇,,〇,,,https://sushiwaka.sakanaya-group.com/
ロシヤ料理 ラルース,03-3841-3383,東京都台東区浅草1-39-2,ランチ11:30~14:00(LO14:00)ディナー14:00~22:30(LO20:30),火曜日(火が祝日の場合は翌日水曜日休み),つくばエクスプレス「浅草」徒歩3分、東武線「浅草」徒歩6分,〇,〇,〇,,〇,〇,,,,,〇,,,,,https://larousse-asakusa.com/
鳥良商店 浅草すしや通り店,03-5830-0561,東京都台東区浅草1-12-9 東京会館 1F,12:00~4:00(LO2:30),定休日無し,つくばエクスプレス「浅草」 徒歩2分、地下鉄「 田原町」徒歩5分,〇,〇,〇,〇,〇,〇,〇,〇,〇,,〇,,,,,https://toriyoshishoten.jp/1486/
シーフードレストラン メヒコ 浅草店,03-3843-6052,東京都台東区浅草1-39-5 澤田屋ビル 1F,平日ランチ 11:00~15:00(LO14:30)ディナー17:00~23:00(LO22:00)土・日・祝11:00~23:00(LO22:00)※土・日・祝はランチメニューなし,月曜日,つくばエクスプレス「浅草」徒歩3分、東武線「浅草」徒歩3分,〇,〇,〇,〇,〇,〇,,〇,〇,,〇,,〇,,,http://mehico.com/shop/other6.html
磯丸水産 浅草新仲見世通り店,03-5806-5817,東京都台東区浅草1-23-7 社本ビル 1・2F,土以外12:00~21:30(LO21:00)土12:00~2:00(LO1:30),定休日無し,地下鉄「浅草」 徒歩5分、東武線「浅草」徒歩5分、つくばエクスプレス「浅草」徒歩1分,〇,,〇,〇,〇,〇,,〇,〇,,〇,,,,,https://isomaru.jp/1449/
焼肉 牛壱心 浅草EKIMISE店,03-6231-6839,東京都台東区花川戸1-4-1 浅草EKIMISE 7F,ランチ11:00~15:00(LO15:00)ディナー15:00~22:00(LO21:30),施設に準ずる,地下鉄「浅草」徒歩2分、東武線「浅草」直結,〇,,〇,〇,,〇,〇,〇,〇,,〇,,〇,〇,〇,https://www.hotpepper.jp/strJ001278731/
洋食 66DINING 六本木六丁目食堂 浅草EKIMISE店,03-5826-6625,東京都台東区花川戸1-4-1 浅草EKIMISE 7F,ランチ11:00~16:00ディナー16:00~22:00(LO21:00),施設に準ずる,地下鉄「浅草」徒歩1分,〇,〇,〇,〇,〇,〇,〇,,〇,,〇,,〇,〇,〇,https://www.chimney.co.jp/66dining/66dining_asakusa.html
築地すし鮮 浅草雷門店,03-5830-1020,東京都台東区雷門2-16-9 Hulic&New 雷門 1F,11:00~5:00(LO4:30)ランチ11:00~15:00,定休日無し,地下鉄・東武線「浅草」徒歩5分,〇,,〇,〇,〇,〇,,〇,〇,,〇,,〇,〇,〇,https://g420329.gorp.jp/
Fleur de Sarrasin フルールドサラザン,03-6876-1851,東京都台東区西浅草2-14-2 インパレス1 1F,ランチ11:45~15:00(LO14:00)ディナー17:45~23:00(LO22:00),不定休,つくばエクスプレス「浅草」徒歩1分、地下鉄「田原町」徒歩5分、地下鉄「浅草」徒歩8分,,,〇,〇,〇,〇,,,〇,,〇,,〇,〇,〇,http://www.fleurdesarrasin.tokyo/
Le Marais（マレ）,03-5829-8533,東京都台東区浅草橋1-25-12 Famビル 1F,火~土11:30~23:00(LO22:00)日・祝11:00~22:00(LO21:00),月曜日,JR「浅草橋」徒歩2分、地下鉄「浅草橋」徒歩5分,〇,〇,〇,〇,〇,〇,,,〇,,〇,,,,,https://www.marais.jp/
atelier de cafe table,03-5839-2440,東京都台東区浅草橋1-27-9 アパホテル浅草橋駅前 1F,モーニング7:00~10:00(LO9:30)ランチ11:00~17:00(LO16:30),日・祝,JR・地下鉄「浅草橋」徒歩3分　,〇,〇,〇,〇,〇,〇,〇,〇,,,〇,,,,,https://de-table.com/
珈琲家,090-5779-6460,東京都墨田区東向島2-13-7,平日6:00~17:00日・祝8:00~17:00,木曜日,東武線「曳舟」徒歩1分,〇,,〇,〇,〇,〇,〇,,,,〇,,〇,〇,〇,https://tabelog.com/tokyo/A1312/A131203/13148740/」
三代目網元 魚鮮水産 本所吾妻橋店,03-5819-0202,東京都墨田区吾妻橋2-1-5 ケンマブチ吾妻橋ビル 1F,平日ランチ11:30~14:00ディナー16:00~23:00(LO22:30)土・日11:30~23:00(LO22:30),年末年始,地下鉄「本所吾妻橋」徒歩2分,〇,〇,〇,〇,〇,〇,,〇,,,〇,,,,,https://www.hotpepper.jp/strJ003388919/
オイスターマーケット 牡蠣市場 とうきょうスカイツリー駅前店,03-5637-8844,東京都墨田区業平2-19-4 業平ハイツ 1F,平日12:00~14:30(LO14:00)17:00~21:00(LO20:00) 土・日・祝12:00~21:00(LO20:00),不定休,地下鉄「押上」徒歩3分、東武線「とうきょうスカイツリー」徒歩3分,〇,〇,〇,〇,〇,〇,〇,〇,〇,,〇,,,,,https://r.gnavi.co.jp/8he8k5zu0000/
cafe kohana,03-3626-0221,東京都墨田区横川3-11-14 マツマルビル 1F,モーニング月~木8:00~11:30金・土・日・祝9:00~11:30ランチ11:30~15:00ディナー月~金~19:30(LO19:00)土・日・祝~18:00(LO17:30),不定休,地下鉄「押上」徒歩7分,〇,,〇,〇,〇,〇,,,〇,,〇,,〇,〇,〇,https://www.facebook.com/CafeKohana/?locale-ja_JP
厚焼きホットケーキのお店 ねこづき,03-6456-1392,東京都墨田区太平3-14-2 ミヤグチハウス 1F,火・水・木・土・日・祝11:00~17:00(LO16:00),月・金・他不定休あり,JR・地下鉄「錦糸町」徒歩7分,,〇,〇,〇,〇,〇,,〇,〇,,〇,,,,,https://www.instagram.com/nekozuki2019/
カプリチョーザ オリナス錦糸町,"	03-6658-8805",東京都墨田区太平4-1-2 オリナス錦糸町 4F,11:00~22:00(LO21:30）,施設に準ずる,地下鉄「錦糸町」徒歩3分、JR「錦糸町」徒歩5分,〇,〇,〇,〇,〇,〇,〇,〇,〇,,〇,,,,,https://capricciosa.com/location/%e3%82%aa%e3%83%aa%e3%83%8a%e3%82%b9%e9%8c%a6%e7%b3%b8%e7%94%ba%e5%ba%97/
花の舞 江戸東京博物館前店,03-5619-4488,東京都墨田区亀沢1-1-15,ランチ11:30~15:00(LO14:30)ディナー16:00~23:00(LO22:30),定休日無し,JR「両国」徒歩5分、地下鉄「両国」徒歩2分,〇,〇,〇,〇,〇,〇,〇,〇,〇,,〇,,,,,https://izakaya-hananomai.com/hakubutukan-mae/
九州人情酒場 魚星 錦糸町駅南口店,03-6659-2303,東京都墨田区江東橋3-8-7 錦糸町駅前プラザビル 4F,月~木16:00~23:00(LO22:30)金・祝前日16:00~5:00(LO4:30)土12:00~5:00(LO4:30)日・祝日12:00~23:00(LO22:30),定休日無し,地下鉄「錦糸町」徒歩約2分,〇,〇,〇,〇,〇,〇,,〇,〇,,〇,,,,,https://kyushu-uosei.com/kinshicho/
現場喫茶,03-6657-0911,東京都墨田区押上1-45-1,9:00~18:00(LO17:30),月・火,地下鉄「押上」徒歩5分、東武線「とうきょうスカイツリー」徒歩8分,〇,〇,〇,〇,〇,〇,,〇,〇,,〇,,,,,https://genbacafe.tokyo/
Series the Sky,03-6658-8444,東京都墨田区押上1-1-2 東京ソラマチ31F,ランチ11:00~15:00(LO14:00)ディナー17:00~23:00(LO21:00) ,施設に準ずる,東武線「とうきょうスカイツリー」直結、地下鉄・京成線「押上」直結,〇,〇,〇,〇,〇,〇,〇,,〇,,〇,,,,,https://series-the-sky.com/
美蔵 ホテルルートイン東京東陽町店,050-5576-8113,東京都江東区東陽2-3-12 ホテルルートインGrand東京東陽町 1F,17:00~23:00(LO22:30)※日・祝のみ~22:00(LO21:30),定休日無し,地下鉄「東陽町」徒歩3分,〇,〇,〇,〇,〇,〇,〇,〇,〇,,〇,,,,,https://www.hotpepper.jp/strJ000659066/
ポポラマーマ 門前仲町店,03-3820-4417,東京都江東区富岡1-7-6 富岡Yビル 1F,11:00~22:00 ※年末年始は時短営業あり,定休日無し,地下鉄「門前仲町」徒歩1分,〇,,〇,〇,〇,〇,,〇,〇,,〇,,〇,,,https://www.popolamama.com/index.php
タイ屋台居酒屋 ヤムヤム,03-6458-5455,東京都江東区富岡1-7-5,11:00~14:00 17:00~23:00,定休日無し,地下鉄「門前仲町」徒歩2分,〇,〇,〇,〇,,,,〇,〇,,〇,,,,,https://www.istagram.com/monnaka_yamyam/
東天紅 深川店,03-3641-0125,東京都江東区門前仲町2-10-1 赤札堂深川ビル 5F,平日ランチ11:30~15:00(LO14:00)ディナー17:00~21:00(LO20:00)土・日・祝11:30~21:00(LO20:00),不定休(月2回程度),地下鉄「門前仲町」徒歩1分,〇,〇,〇,〇,〇,〇,〇,〇,〇,,〇,,〇,,,https://www.totenko.co.jp/restaurant/fukagawa/
炭火焼肉 猿楽 豊洲店,03-5859-0572,東京都江東区豊洲2-2-1 ららぽーと豊洲3 1F,11:00~22:00 (LO21:00),施設に準ずる,地下鉄「豊洲」徒歩3分、ゆりかもめ「豊洲」徒歩5分,〇,〇,〇,〇,〇,〇,〇,〇,〇,,〇,,〇,,〇,https://www.yakiniku[sanitize]sarugaku.com/
中国火鍋専門店 小肥羊 豊洲店,03-5859-0341,東京都江東区豊洲2-2-1 豊洲ベイサイドクロス 1F,11:00~22:30(LO21:30)※金・土・日・祝のみ~23:00(LO22:00),施設に準ずる,地下鉄「豊洲」徒歩5分,〇,〇,〇,〇,〇,〇,〇,〇,〇,,〇,,〇,,,https://xfy.co.jp/
博多食彩 表邸 ららぽーと豊洲店,03-6910-1559,東京都江東区豊洲2-4-9 ららぽーと豊洲 3F,ランチ11:00~16:00ディナー16:00~22:00(LO21:00),施設に準ずる,地下鉄「豊洲」徒歩5分,〇,〇,〇,〇,〇,〇,〇,〇,,,〇,,〇,,,https://bentendotoyosu.gorp.jp/
@東京グリルハーバー,03-6910-1433,東京都江東区豊洲2-4-9 ららぽーと豊洲 3F,ランチ11:00~16:30(LO16:30)ディナー17:00~22:00(LO21:00),施設に準ずる,地下鉄「豊洲」徒歩5分,〇,〇,〇,〇,〇,〇,〇,〇,〇,,〇,,〇,,,https://kiwa-group.co.jp/tokyogrillharbour/
さかな道楽 亀戸店,03-3681-4418,東京都江東区亀戸2-20-7 亀戸会館 3F,11:00~2:00(LO1:00),定休日無し,JR・東武線「亀戸」徒歩1分,〇,〇,〇,〇,〇,〇,,〇,〇,,〇,,〇,〇,〇,https://g420308.gorp.jp/
大衆食堂 安べゑ 亀戸駅前店,03-5628-5519,東京都江東区亀戸5-1-1 JR構内,11:00~23:00(LO22:00）,定休日無し,JR「亀戸」徒歩1分,〇,〇,〇,〇,〇,〇,,〇,〇,,〇,,,,,https://taisyu-yasube.com/kameido/
Mobile Care＆お茶Cafe,03-6807-9873,東京都荒川区町屋3-20-17,11:30~20:30,月・木・日・年末年始・お盆休み,地下鉄・京成線「町屋」徒歩5分,〇,〇,〇,〇,〇,〇,,〇,,,〇,,,,,https://www.mobile-care.jp/
TOKYO L.O.C.A.L BASE,03-6807-7748,東京都荒川区町屋1-3-12,月~木ランチ11:00~18:00(LO17:30)金11:00~23:00(LO22:00)土10:00~23:00(LO22:00) 日・祝10:00~22:00(LO21:00) ,定休日無し,地下鉄・京成線「町屋」徒歩5分,〇,〇,〇,〇,〇,〇,〇,〇,,,〇,,〇,〇,〇,https://tokyolocal.me/
あいるとんかふぇ,03-3801-9008, 東京都荒川区南千住7-2-15 高橋ビル 1F,7:30~19:30(LO19:00),月曜日,JR・地下鉄「南千住」徒歩2分,〇,,〇,〇,〇,〇,,〇,〇,,〇,,,,,https://s.tabelog.com/tokyo/A1324/A132401/13134845/
natural cafe こひきや,03-6807-7512,東京都荒川区東尾久5-20-15,11:30~14:30(LO14:00)※土のみ~17:00(LO16:00),日・月・祝,日暮里舎人ライナー「赤土小学校前」「熊野前」徒歩5分,,〇,〇,〇,〇,〇,,〇,〇,,〇,,,,,http://kohikiya.tokyo/
居酒屋 酔助,03-4362-9833,東京都荒川区西日暮里2-19-7 日暮里駅前東忠ビル 2F,平日15:00~23:30(LO23:00)土・日・祝12:00~23:30(LO23:00),不定休,JR「日暮里」から徒歩1分,,,,,,〇,,〇,,,〇,,〇,〇,〇,https://www.hotpepper.jp/strJ003324718/
cafe mogii＋,03-5604-5129,東京都荒川区東日暮里5-1-1,11:30~18:00(LO17:00),月・日・祝,JR「日暮里」徒歩8分、JR「三河島」徒歩7分、JR「鶯谷」徒歩8分,,〇,〇,〇,〇,〇,,〇,〇,,〇,,,,,https://www.instagram.com/cafe_mogii.plus/
両国だしもんじゃ もんじ 北千住東口店,03-5284-9878,東京都足立区千住旭町40-27 ビックリヤ旭町ビル 3F,平日16:00~23:30(LO22:30)土・日・祝12:00~23:30(LO22:30),定休日無し,JR「北千住」徒歩2分,〇,,,〇,,〇,,〇,〇,,〇,,〇,〇,〇,https://chimney-brand.com/monji-kitasenjyu/
暁雲亭 北千住マルイ店,03-6806-1318,東京都足立区千住3-92 北千住マルイ 9F,11:00~22:00(LO21:00),施設に準ずる,JR・地下鉄「北千住」徒歩1分,〇,〇,〇,〇,〇,〇,〇,〇,〇,,〇,,〇,〇,〇,https://kiwa-group.co.jp/gyountei_kitasenju/
李大錘 ビッグハンマー,03-5851-8090,東京都足立区竹の塚3-16-10 THE VALUE SHARED HOTEL TAKENOTSUKA,11:00~23:00(LO22:30),定休日無し,東武線「竹ノ塚」徒歩8分,〇,〇,〇,〇,〇,〇,,〇,〇,,〇,,〇,〇,〇,https://tabelog.com/tokyo/A1324/A132404/13278741/
Cafe Hot'n,090-4430-3500,東京都足立区竹の塚1-30-16 竹市第一ビル 1F,9:00~17:00(LO16:30),日曜日,東武線「竹ノ塚」徒歩3分,〇,〇,〇,〇,〇,〇,,〇,,,〇,,〇,,,https://tabelog.com/tokyo/A1324/A132404/13233864/
おとだま,03-3856-0905,東京都足立区西竹の塚2-2-3 1F,9:00~16:00ランチ11:30~14:00,月・日,東武線「竹ノ塚」徒歩1分,〇,,〇,〇,,〇,,〇,,,〇,,,〇,〇,https://tabelog.com/tokyo/A1324/A132404/13248836/
カフェ ガーデン,03-3694-9022,東京都葛飾区立石6-18-2,10:00~18:00(LO17:30)ランチ11:00~16:00,月・日・祝,京成線「京成立石」「青砥」徒歩6分,〇,〇,〇,〇,〇,〇,,,,,〇,,〇,〇,〇,https://tabelog.com/tokyo/A1324/A132403/13046048/
ジョナサン 水元店,03-5876-2510,東京都葛飾区東水元2-9-5,モーニング7:00~10:30平日ランチ10:30~17:00(LO17:00)ディナー17:00~24:00(LO23:00)※モーニング全日、ランチ平日のみで休日はグランドメニュー,定休日無し,JR「金町」徒歩15分、バス停「しばられ地蔵」徒歩1分,〇,〇,〇,〇,〇,〇,〇,〇,〇,,〇,,〇,,,https://store-info.skylark.co.jp/jonathan/map/020509
居酒屋ゆうゆう,03-5699-6599,東京都葛飾区高砂5-30-11 コーポ吉野,ランチ11:30~14:00(LO13:30) ※日曜休み ディナー17:00~27:00(LO26:00)※日曜は22時まで(LO21:00）,定休日無し(ランチは日曜休み),京成線「京成高砂」徒歩1分,〇,〇,〇,〇,〇,〇,,,,,〇,,〇,〇,〇,http://yu-yu.website/
喫茶 白十字,03-3600-6583,東京都葛飾区高砂5-29-13 白十字ビル 1F,8:20~19:00水のみ8:00~19:00,日曜日,京成線「京成高砂」徒歩0分,〇,〇,〇,〇,〇,〇,,,,,〇,,〇,〇,〇,https://tabelog.com/tokyo/A1324/A132403/13076480/
三三九度,03-3838-3210,東京都葛飾区青戸3-39-10,ランチ11:30~15:00(LO14:30)ディナー15:00~23:00(LO22:00),水曜日,京成線「青砥」徒歩1分,,〇,〇,〇,〇,〇,,,〇,,〇,,〇,〇,〇,https://sansankudo.net/
five loaves caf? ファイブローブスカフェ 小岩店,03-3657-2205,東京都江戸川区北小岩2-11-7 佐藤ビル 1F,10:30~19:00(LO18:30),日曜日,京成線「京成小岩」徒歩3分,〇,〇,〇,〇,〇,〇,,,〇,,〇,,,,,https://five-loaves-cafe.business.site/
キッチン ハノハノ,03-6638-8454,東京都江戸川区篠崎町5-6-2,ランチ水・木・土・日11:30~14:30(LO14:00)ディナー水・木・金・土・日17:30~22:00(LO21:00）,月・火,地下鉄「篠崎」徒歩5分,〇,〇,〇,〇,〇,〇,,,,,〇,,,,,https://hanohano-edogawa.com/
PARKLIFE CAFE & RESTAURANT,03-6808-0070,東京都江戸川区臨海町6-2-1,10:00~17:00(LO16:30),年末年始,JR「葛西臨海公園」徒歩7分,〇,〇,〇,〇,〇,〇,〇,〇,〇,,〇,,〇,〇,〇,https://parklifecafe.zetton.co.jp/
CRYSTAL CAFE,03-6878-1327,東京都江戸川区臨海町6-2-1,3月~11月10:00~17:00(LO16:30)12月~2月11:00~16:00(LO15:30),水曜日(12月~2月の間のみ),JR「葛西臨海公園」徒歩7分,〇,〇,〇,〇,〇,〇,〇,〇,〇,,〇,,〇,,,https://crystalcafe.zetton.co.jp/
こだわりやま 天王洲アイル店,03-5769-0788,東京都品川区東品川2-2-20 天王洲オーシャンスクエア 1F,ランチ11:30~14:00(LO13:30)ディナー17:00~23:00(LO20:00),土・日・祝,東京モノレール・りんかい線「天王洲アイル」徒歩5分,〇,,〇,〇,〇,〇,〇,〇,〇,,〇,,,,,https://www.chimney.co.jp/restaurant/detail/?id-152
さかな酒場 魚星 阪急大井町ガーデン店,03-5709-7786,東京都品川区大井1-50-5 阪急大井町ガーデン 2F,11:00~23:00(LO22:00),定休日無し,JR「大井町」徒歩2分,〇,〇,〇,〇,〇,〇,〇,〇,〇,,〇,,〇,,,https://sakana-uosei.com/hankyuoimachi/
デルソーレSHOP グリルハーベスター大崎店,03-5422-8731,東京都品川区北品川5-5-15 大崎ブライトコア 1F,ランチ11:00~15:00(LO14:30)ディナー17:00~21:00(LO20:00),不定休,JR「大崎」徒歩5分,〇,〇,〇,〇,〇,〇,〇,〇,〇,,〇,,,,,https://grill-harvester.com/
アロハテーブル 大崎,03-6277-2564,東京都品川区北品川5-5-15 大崎ブライトコア 1F,平日11:30~15:00(LO14:15)土・日・祝11:00~22:00(LO21:00),施設に準ずる,JR「大崎」徒歩5分、JR「五反田」徒歩13分,〇,,〇,〇,〇,〇,〇,〇,,,〇,,〇,,,https://alohatable-osaki.business.site/
一番どり ゲートシティ大崎店,03-5437-5994,東京都品川区大崎1-11-1 ゲートシティ大崎ウェストタワー 2F,ランチ11:30~14:00(LO14:00)ディナー17:00~23:00(LO22:00),土・日・祝,JR「大崎」徒歩5分,〇,〇,〇,〇,〇,〇,〇,〇,,,,,,,,https://a449103.gorp.jp/
鮨割烹 ともえ,03-3782-2274,東京都品川区小山2-6-18 マートルコート武蔵小山 1F,ランチ11:45~14:00(LO14:00)ディナー17:30~21:00(LO20:30),水曜日,東急線「武蔵小山」徒歩3分,〇,〇,〇,〇,〇,〇,,〇,〇,,〇,,〇,〇,,https://tabelog.com/tokyo/A1317/A131710/13072382/
どすこい酒場 玉海力 武蔵小山店,03-3785-6501,東京都品川区小山3-23-10,17:00~22:00,不定休,東急線「武蔵小山」徒歩5分,〇,〇,〇,〇,〇,〇,,〇,,,〇,,〇,,,https://musashikoyama-tamakairiki.com/
SOLO NOI sul nuje（ソロ ノイ スルヌジェ）,03-6421-2875,東京都目黒区中根1-7-3 オフィス都立大学ビル 1F,ランチ11:30~15:00(LO14:00)※土・日・祝のみLO14:30ディナー17:00~22:00(LO21:00)※金・土・祝前日のみLO21:30,火曜日,東急線「都立大学」徒歩1分,〇,,〇,〇,〇,〇,,,〇,,〇,,〇,〇,,https://instagram.com/solonoi_sulnuje?igshid-OGQ5ZDc2ODk2ZA--
News Cafe,03-3725-6450,東京都目黒区自由が丘2-9-11 八幸ビル 4F,月~土12:00~20:00(LO19:00)日・祝12:00~19:00(LO18:00)　,火・水,東急線「自由が丘」徒歩5分,,〇,〇,〇,〇,〇,〇,〇,〇,,〇,,,〇,,https://www.instagram.com/newscafetokyo/?hl-ja
マークマツオカグリル 中目黒,03-6451-2922,東京都目黒区上目黒1-16-12 鈴房ビル 1F,ランチ11:00~16:00(LO15:00)ディナー16:00~22:00(LO21:00）,年末年始・不定休,地下鉄・東急線「中目黒」徒歩5分,〇,,〇,〇,〇,〇,,,〇,,〇,,〇,〇,〇,https://www.markmatsuoka.tokyo/nakameguro/
BACIONE バッチョーネ,03-3791-2334,東京都目黒区上目黒1-16-2 鹿コーポラス 1F,ランチ12:00~14:00ディナ18:00~22:00(LO21:00)ショップ12:00~20:30,月曜日（月が祝日の場合は翌日火曜日休み）,地下鉄・東急線「中目黒」徒歩3分,〇,,〇,〇,〇,〇,,,〇,,〇,,〇,〇,〇,https://bacione.owst.jp/
鳥焼肉と自然派ワイン Cotori,03-6412-7428,東京都目黒区祐天寺2-10-3 casagridio101,月~土17:00~24:00(LO23:00)日・祝16:00~23:00(LO22:00) ,木・不定休,東急線「祐天寺駅」徒歩2分,〇,〇,〇,〇,〇,〇,,,,,〇,,,,〇,https://cotori.tokyo/
Onda Tokyo,03-5734-1987,東京都目黒区中目黒1-8-12 サクラハウス 1B,ランチ12:00~15:00(LO13:00)ディナー18:00~23:00(LO20:00),日曜日,地下鉄・東急線「中目黒」徒歩6分,,,〇,〇,〇,〇,,,,,〇,,,,,https://www.onda.tokyo/
串かつ・鮮魚・酒 ひらたや,03-6404-6866,東京都大田区大森北6-27-1 サンコー商事ビル 1F,11:30~3:00(LO2:30),定休日無し,京急線「平和島」徒歩1分,〇,〇,〇,〇,〇,〇,,,,,〇,,〇,,〇,https://hirataya-inc.com/
野菜とイタリアンダイニング・カフェ グリシアル,03-3745-6073,東京都大田区西糀谷4-31-16 1F,ランチ11:30~15:00(LO14:30)ディナー17:30~22:00(LO21:00),水曜日(月・火はランチのみ),京急線「糀谷」徒歩3分、京急線「京急蒲田」徒歩9分,,〇,〇,〇,〇,〇,〇,〇,,,〇,,,,,https://www.grecial.jp/?
銀座木屋 羽田空港店,03-6428-9200,東京都大田区羽田空港3-4-2 第2ターミナル 3F,6:00~21:00(LO20:30),定休日無し,京急線「羽田空港第1・第2ターミナル」徒歩10分,〇,〇,〇,〇,〇,〇,〇,〇,〇,,〇,,〇,,,https://tokyo-haneda.com/shop_and_dine/detail/tenant_00190.html
多津美,03-3731-3216,東京都大田区西蒲田7-48-8,11:30~14:30 (LO14:00),日曜日,JR・東急線「蒲田」徒歩2分,〇,〇,〇,〇,〇,〇,,,,,〇,,,,,https://tabelog.com/tokyo/A1315/A131503/13017744/
ノラベーカリー,03-6459-7037,東京都大田区田園調布1-55-10,火・木・金9:00~19:00(LO18:00)水9:00~17:00(LO16:00)土・日・祝9:00~18:00(LO17:00),月・不定休,東急線「多摩川」徒歩3分,〇,〇,〇,〇,〇,〇,,,〇,,〇,,〇,,,https://norabakery.com/
カフェ ルシェロ,03-5755-5397,東京都大田区田園調布1-53-12,モーニング8:30~11:30(LO11:00)ランチ11:30~14:00(LO13:30)カフェ8:30~18:00(LO17:00),第2木曜日,東急線「多摩川」徒歩1分,〇,〇,〇,〇,〇,〇,〇,,〇,,〇,,,,,https://instagram.com/seseragicafe?igshid-OGQ5ZDc2ODk2ZA--
Mr.FARMER 駒沢公園店,03-5432-7062,東京都世田谷区駒沢公園1-1-2,7:00~21:00(LO20:00),定休日無し,東急線「駒沢大学」徒歩15分,〇,〇,〇,〇,〇,〇,〇,〇,〇,,〇,,〇,〇,,https://mr-farmer.jp/1648/
織部 下北沢店,03-5432-9068,東京都世田谷区北沢2-2-3 1F,11:00~19:00(LO18:30),定休日無し,小田急線・京王線「下北沢」徒歩4分,〇,〇,〇,〇,〇,〇,〇,,〇,,〇,,,,,https://oribe-shimokita.tumblr.com/
フラマンドール 下高井戸店,03-3323-9955,東京都世田谷区松原3-29-17 京王線下高井戸駅改札前,月~土7:00~21:00(LO20:00)(モーニング7:00~10:00)日・祝8:00~20:00(LO19:00)(モーニング8:00~10:00)イートインは全日19:00まで(LO18:00),定休日無し,京王線「下高井戸」改札前,〇,〇,〇,〇,,,,〇,,,〇,,〇,〇,〇,https://www.saint-germain.co.jp/brand/froment/
タントタント成城コルティ店,03-5490-7881,東京都世田谷区成城6-5-34 成城コルティ 4F,ランチ11:00~15:30(15:00)ディナー17:00~22:00(LO21:00),施設に準ずる,小田急線「成城学園前」直結,〇,〇,〇,〇,〇,〇,〇,,〇,,〇,,〇,,,https://tanto-tanto.com/1657/
Asian Cafe & Diner Vivid Ajia,03-6411-7258,東京都世田谷区玉川3-20-8 サントピア玉川 1F,10:00~22:00(LO21:00),定休日無し,東急線「二子玉川」徒歩5分,〇,,〇,〇,〇,〇,,〇,〇,,〇,,〇,〇,〇,https://www.hotpepper.jp/strJ001224602/
クロシェットカフェ,03-5343-5088,東京都中野区中野4-3-1 サンクオーレ 1F,10:00~19:30(LO19:00),土曜日,JR「中野」徒歩5分、西武線「新井薬師前」徒歩15分、西武線「沼袋」徒歩15分,〇,〇,〇,〇,〇,,〇,〇,,,〇,,〇,〇,,https://www.clochette-cafe.com/
Space＆Cafe ポレポレ坐,03-3227-1445,東京都中野区東中野4-4-1 ポレポレ坐ビル 1F,11:00~20:30(LO20:00),第2・4火曜日,JR・地下鉄「東中野」徒歩2分,〇,〇,〇,〇,〇,〇,〇,〇,,,〇,,〇,〇,〇,https://pole2za.com/
葵禅カフェ&バー,03-6753-5858,東京都中野区東中野4-15-2,11:00~22:00(LO21:30),月曜日,地下鉄「落合」徒歩1分、JR「中野」徒歩6分,〇,〇,〇,〇,〇,〇,,〇,,,〇,,〇,〇,〇,https://www.kizencafe.com/
カフェ アンリ・ファーブル,03-3223-7330,東京都杉並区高円寺北2-1-2 座・高円寺 2F,11:30~19:00(LO18:30),年末年始,JR「高円寺」徒歩5分,〇,〇,〇,〇,〇,,〇,〇,,,〇,,〇,〇,,https://www.instagram.com/cafe_henri_fabre_koenji/
JULES VERNE COFFEE,03-5356-9810,東京都 杉並区高円寺北4-2-24 アールリエット高円寺A106,12:00~17:00,月・火,JR「高円寺」 徒歩8分、JR「阿佐ヶ谷」徒歩9分,〇,,〇,〇,〇,〇,,,,,〇,,,,,http://r.goope.jp/camino-coffee/
J-COFFEE 高円寺,03-5377-3333,東京都杉並区高円寺南5-33-7,8:30~17:30(LO17:00),土・日・祝,JR「高円寺」徒歩7分,〇,〇,〇,〇,〇,〇,〇,,,,〇,,,,,https://www.instagram.com/jcoffee2020/
まちのパーラー,03-6312-1333,東京都練馬区小竹町2-40-4 1F,8:30~22:00(LO21:00) 月は18:00まで,火曜日,地下鉄・西武線「小竹向原」徒歩5分,〇,〇,〇,〇,〇,〇,〇,,,,〇,,〇,,,https://www.facebook.com/profile.php?id-100063568959033
みんなのカフェ すまいる・VIVIFY,03-6310-3034,東京都練馬区石神井町3-2-8 レイクサイド石神井公園 A102,平日11:00~17:00(LO16:30)土・日・祝12:00~17:30(LO17:00),定休日無し,西武線「石神井公園」徒歩8分,〇,〇,〇,〇,〇,〇,〇,〇,〇,,〇,,,,,https://smile-vivify.com/
元町珈琲 石神井公園の離れ,03-3997-0078,東京都練馬区石神井町7-1-2,7:00~21:00(LO20:00）,定休日無し,西武線「石神井公園」徒歩1分,〇,〇,〇,〇,〇,〇,,〇,,,〇,,〇,,,https://motomachi-coffee.jp/concept/
VIEW & KITCHEN QUAD17,070-9030-3172,東京都北区王子1-11-1 北とぴあ 17F,10:00~21:30(17:00~21:30は予約のみ),不定休,JR「王子」徒歩2分、地下鉄「王子」 5番出口直結,〇,〇,〇,〇,〇,〇,〇,,〇,,〇,,〇,〇,,https://www.quad17.com/
伊豆の漁師バル おためし屋,03-6807-7553,東京都北区東田端1-13-9 ツインビル田端B棟 1F,ランチ11:30~14:30(LO14:00)※月~金のみ  ディナー17:00~22:30(LO22:00）,日・祝・第2・4月曜日,JR「田端」徒歩3分,〇,,〇,〇,〇,〇,,〇,,,〇,,〇,〇,〇,https://uejimagroup.com/otameshiya/
ペンナロッソ,03-3903-5579,東京都北区赤羽南1-4-9 南赤羽グリーンハイツ 1F,ランチ10:30~14:00(LO14:00)ディナー17:00~22:00(LO21:00),火曜日,JR「赤羽」徒歩3分,〇,,〇,〇,〇,〇,,,,,〇,,,,,https://tabelog.com/tokyo/A1323/A132305/13012304/?cid-yo_ms_mkt_shop_13012304&msclkid-1cc3d2c82ec21b469018b7ae9552c563
AIDA,03-6915-5730,東京都板橋区板橋1-49-8 ファイン板1ビル,火~金ランチ11:00~14:30(LO14:30)ディナー18:00~23:00(LO22:00)土・日・祝ランチ11:00~15:00(LO15:00)ディナー17:00~22:00(LO21:00),月曜日,地下鉄「新板橋」徒歩2分、JR「板橋」徒歩4分、東武線「下板橋 」徒歩7分,〇,,〇,〇,〇,〇,,〇,,,〇,,,,,https://tabelog.com/tokyo/A1322/A132201/13132544/
ななテラス,03-5926-7945,東京都板橋区向原3-7-7,ランチ11:30~14:00(LO13:30)ディナー17:00~19:30(LO19:00),不定休,地下鉄・西武線「小竹向原駅」徒歩9分,〇,〇,〇,〇,〇,〇,〇,,,,〇,,〇,,〇,https://nana-terrace.jimdofree.com/
カフェ ねねね,03-5964-5477,東京都板橋区向原3-7-9 ココロネ板橋 1F,11:30~15:00(LO14:30),土・日・祝,地下鉄・西武線「小竹向原駅」徒歩8分,〇,〇,〇,〇,〇,〇,〇,,,,〇,,〇,〇,〇,https://s.tabelog.com/tokyo/A1322/A132202/13252528/
肉焼亭 うしのすけ,03-5970-1129,東京都板橋区蓮沼町22-8 フェルデ本蓮沼 2F,16:00~23:00(LO22:30)※土・日のみ12:00~,不定休,地下鉄「本蓮沼」徒歩1分,〇,,〇,〇,〇,〇,,〇,〇,,〇,,,,〇,https://r.gnavi.co.jp/gc9b800/?sc_lid-smp_top_01
焼肉きんぐ 板橋前野町店,03-6454-5390,東京都板橋区前野町6-10-6 2F,17:00~23:00(LO22:00)土・日・祝11:00~23:00(LO22:00) 　,12/31・1/1,東武線「ときわ台」徒歩13分、東武線「上板橋」徒歩12分,〇,〇,〇,〇,,〇,〇,〇,〇,,〇,,〇,,,https://www.yakiniku-king.jp/shop/215
麺屋 きころく 成増店,03-3975-2469,東京都板橋区成増2-10-7 ドール・ボナール成増,火~金11:00~15:00 17:00~22:00土・祝11:00~20:00日11:00~15:00 ,月曜日,地下鉄「成増」徒歩1分,〇,〇,〇,〇,,〇,,〇,,,〇,,,,,https://twitter.com/kikoroku
パッキーノ,03-3977-4192,東京都板橋区成増2-12-8 五曠第一ビル 3F,11:00~15:00(LO14:00)17:00~22:00(LO21:00),火曜日,東武線「成増」徒歩1分、地下鉄「成増」徒歩3分,〇,〇,〇,〇,,〇,,,,,〇,,,,,https://s.tabelog.com/tokyo/A1322/A132204/13029950/
鉄板焼 千珠,080-2087-0619,東京都立川市曙町3-4-3,18:00~22:30(LO20:30),水・12月のみ定休日なし,JR「立川」徒歩10分,,,〇,〇,〇,〇,,〇,〇,,〇,,〇,〇,〇,https://senju-tachikawa.owst.jp/
西安餃子 ルミネ立川店,042-548-9271,東京都立川市曙町2-1 ルミネ立川 8F,11:00~21:00(LO20:00),施設に準ずる,JR「立川」徒歩1分,〇,〇,〇,〇,,〇,〇,〇,〇,,〇,,〇,,,https://shian-gyoza-tachikawa.owst.jp/
炭焼き大 立川グリーンスプリングス店,042-512-5800,東京都立川市緑町3-1 立川グリーンスプリングス 1F,ランチ11:00~15:00(LO15:00)ディナー15:00~22:00(LO21:00) ,定休日無し,JR「立川」徒歩5分,〇,,〇,〇,〇,〇,〇,〇,〇,,〇,,〇,〇,〇,https://www.pleasure-company.com/sumiyaki/
和ごはんとカフェ chawan,042-548-3531,東京都立川市柴崎町3-1-1 エキュート立川,ランチ10:00~15:00ディナー月~土15:00~21:30日・祝15:00~21:00,施設に準ずる,JR「立川」徒歩1分,〇,〇,〇,〇,,〇,〇,〇,〇,,〇,,〇,,,https://www.ecute.jp/tachikawa/shop/1205
クレヨンハウス オーガニックレストラン「広場」,0422-27-1377,東京都武蔵野市吉祥寺本町2-15-6,ランチ 11:00~14:30 ティータイム 14:40~17:30ディナー17:30~21:00 ,定休日無し,JR・京王線「吉祥寺」徒歩6分,〇,〇,〇,〇,〇,〇,〇,,,,〇,,〇,〇,,https://www.crayonhouse.co.jp/shop/pages/tk01.aspx
丸亀製麺 武蔵境,042-254-1150,東京都武蔵野市境1-19-1,平日10:30~22:00(LO21:30)土・日・祝10:00~22:00(LO21:30),定休日なし,JR「武蔵境」徒歩5分 ,〇,〇,〇,〇,〇,〇,〇,〇,,,〇,,〇,,,https://jp.marugame.com/
Cafe Sacai,0422-27-8536,東京都武蔵野市境南町4-1-16,11:00~21:00(LO20:20),火・その他不定休はSNSを確認,JR「武蔵境」徒歩8分,〇,〇,〇,〇,〇,〇,〇,,,,,,,,,https://instagram.com/cafesacai?igshid-OGQ5ZDc2ODk2ZA--
CAFE HI FAMIGLIA,0422-38-8311,東京都三鷹市下連雀3-38-4,11:00~21:00,火曜日,JR「三鷹」徒歩6分,〇,〇,〇,〇,〇,〇,〇,〇,,,〇,,,,,https://hi-famiglia.com/
星と風のカフェ,0422-44-2255,東京都三鷹市下連雀3-8-13 三鷹駅前福祉住宅 1F,11:30~18:00(LO17:00),月・日・祝,JR「三鷹」徒歩7分,〇,〇,〇,〇,,〇,〇,,,,〇,,〇,,,http://www.hanano-kai.jp/hoshi-cafe/
Cultiver,0422-69-0038,東京都三鷹市下連雀3-1-27,ランチ12:00~15:30(LO13:30)ディナー18:00~22:00(LO19:30),月曜日（祝も含む）,JR「三鷹」徒歩5分,〇,〇,〇,〇,〇,〇,,,,,〇,〇,〇,〇,,https://cultivertokyo.com/
カフェ オレンジブーツ,042-319-9732,東京都府中市宮町1-100 市民活動センター ル・シーニュ 5F 「プラッツ」内 ,9:30~20:00(LO19:30)※土・日・祝のみ11:00~,年末年始・施設に準ずる,京王線「府中」徒歩1分,〇,〇,〇,〇,〇,〇,〇,〇,〇,,〇,,〇,,,https://orangeboo2.com/
和食バイキング東北牧場,042-333-7115,東京都府中市府中町1-5-1,モーニング7:00~9:30ランチ11:30~15:00(LO14:30)ディナー17:00~22:00(LO21:30),定休日無し,京王線「府中」徒歩1分,〇,〇,〇,〇,〇,,,,,,〇,,,〇,,https://www.hotel-continental.co.jp/dining/restaurant-tohoku-farm/
うなぎ・日本料理 魚元,042-362-2029,東京都府中市府中町2-14-14,ランチ11:30~14:30(LO13:45)ディナー17:00~21:00(LO20:00),月曜日,京王線「府中」徒歩5分,〇,〇,〇,〇,〇,〇,,,,,〇,,,,,https://uomoto.tokyo/
焼肉 丑輪,042-519-7959,東京都昭島市上川原町2-23-1 宝鈴ビル1F,月～土17:00~23:00(LO22:30)日・祝日ランチ12:00~14:30(LO14:00)ディナー17:00~22:00(LO21:30),火曜日,JR「昭島」徒歩8分,,〇,〇,〇,〇,〇,,〇,〇,,〇,,〇,〇,〇,https://gh1d300.gorp.jp/
空と大地と,03-5314-7082,東京都調布市東つつじケ丘2-27-1,10:30~15:00(LO14:00),日曜日,京王線「つつじヶ丘」徒歩2分,〇,〇,〇,〇,〇,〇,〇,〇,,,〇,,,〇,,https://soradai.kenseikai-group.or.jp/
Cafe Gallery さえずり,042-444-8818,東京都調布市国領町1-3-1 調布セントラルアパート 1F,10:30~16:00(LO15:30),土・日・祝・不定休,京王線「布田」徒歩3分,〇,〇,〇,〇,,〇,〇,〇,,,〇,〇,〇,,,https://cafe-gallery-saezuri.jimdofree.com/
雲龍一包軒 トリエ京王調布,042-426-4540,東京都調布市布田4-4-22 トリエ京王調布A館 5階,11:00~22:00(LO21:30),施設に準ずる,京王線「調布」徒歩1分,〇,〇,〇,〇,〇,〇,〇,〇,〇,,〇,,,,,https://kiwa-group.co.jp/unryu_chofu/
デリ＆カフェ 桃の実,042-483-0150,東京都調布市上石原1-31-24,10:00~18:00(LO17:30),火曜日,京王線「西調布」徒歩5分,,〇,〇,〇,〇,〇,〇,〇,,,〇,,,,,https://instagram.com/momonomi_150?igshid-OGQ5ZDc2ODk2ZA--
カフェ ラグラス,042-344-7199,東京都小平市美園町1-24-14 ヴァンベール 1F,10:30~16:00(LO15:30)ランチ11:30~14:00※ランチは無くなり次第終了,水・木(祭日の場合は営業),西武線「小平」徒歩5分,〇,〇,〇,〇,〇,〇,〇,,,,〇,〇,,,,https://www.cafelaguras.jp/
橙や 小平南口店,042-207-9600,東京都小平市美園町1-8-1 ルネセブン106,ランチ11:30~14:30 (LO14:30)ディナー17:00~22:30(LO21:30),火・水,西武線「小平」徒歩1分,〇,〇,〇,,〇,〇,,〇,,,〇,,,,,https://r.gnavi.co.jp/p777900/
cafe moimoi,042-391-0375,東京都東村山市栄町3-10-18 エクレール八坂 ,11:30~20:00(LO20:00),不定休,西武線「八坂」徒歩1分、西武線「久米川」徒歩8分,〇,,〇,〇,〇,〇,,,,,〇,,,,,https://cafe-moimoi.owst.jp/
Dining Amina,042-308-1402,東京都東村山市栄町2-5-3 1F,17:00~23:00(LO22:30),日・不定休,西武線「久米川」徒歩3分,〇,,〇,〇,〇,〇,,,,,〇,,,,,https://dining-amina.net/index.html
ガスト東村山市役所前店,0570-004-810,東京都東村山市本町1-17-2,モーニング全日7:00~10:30(LO10:30)ランチ平日10:30~17:00(LO17:00)※土・休日はグランドメニュー ディナー17:00~24:00(LO23:30),定休日無し,西武線「東村山」徒歩10分,〇,〇,〇,〇,〇,〇,〇,〇,〇,,〇,,〇,,,https://store-info.skylark.co.jp/gusto/map/017750
ロ・スティヴァーレ,042-394-2369,東京都東村山市野口町3-5-9,ランチ11:30~15:00(LO14:30)ディナー18:00~21:00(LO20:00),月曜日,西武線「東村山」徒歩10分,〇,〇,〇,〇,〇,〇,,,〇,,〇,,,〇,,http://www.lo-stivale-it.com/
ナマステ ヒマール 国分寺店,042-323-2416,東京都国分寺市南町2-16-21 冨士ビル 1F,ランチ11:00~17:00ディナー17:00~23:00,定休日無し,JR「国分寺」徒歩1分,〇,〇,〇,〇,,〇,,〇,〇,,〇,,〇,〇,,https://s.tabelog.com/tokyo/A1325/A132502/13289576/
ひこばえメモリーズ,03-5761-4819,東京都狛江市東和泉3-9-6,平日11:30~18:00(LO18:00)土・休日・年末年始9:30~19:00(LO19:00),木・不定休(休日は原則営業),小田急線「和泉多摩川」徒歩1分,〇,,〇,〇,〇,〇,,,,,〇,,,〇,,https://instagram.com/hikobaememories?igshid-OGQ5ZDc2ODk2ZA--
もぐもぐの森,042-452-6613,東京都西東京市田無町4-17-14 フレンドリー 1F,火・水・木・土11:30~16:30(LO16:00)金11:30~15:30(LO15:00),月・日・祝,西武線「田無」徒歩8分,〇,〇,〇,〇,〇,〇,〇,〇,〇,,〇,,,,,https://instagram.com/mogu__cafe?igshid-OGQ5ZDc2ODk2ZA--
シーポルテ,042-445-0122,東京都西東京市ひばりが丘1-6-17,11:30~18:00(LO17:00),火・水・木,西武線「ひばりヶ丘」徒歩5分,〇,〇,〇,〇,〇,,,,,,〇,,,,,http://c-porte.aimcraft.jp/
喫茶コーナー ふれあい,042-464-8211,東京都西東京市柳沢1-15-1 柳沢公民館 1F,10:30~16:15(LO16:05),施設に準ずる,西武線「西武柳沢」徒歩1分,〇,〇,〇,〇,〇,〇,〇,,,,〇,,,,,https://m.facebook.com/nishitokyosyougaisyafukushi
コナズ珈琲 多摩ニュータウン店,042-674-5001,東京都八王子市別所2-40,平日10:00~22:00(LO21:00)土・日・祝9:00~22:00(LO21:00),定休日無し,京王線「京王堀之内」徒歩20分,〇,〇,〇,〇,〇,〇,〇,,,,〇,,〇,,,https://konas-coffee.com/
クリーム本舗 八王子店,042-653-9666,東京都八王子市下柚木2-5-18,12:00~23:00 ,定休日無し,京王線「南大沢」徒歩30分,〇,,〇,〇,〇,〇,,,,,〇,,,,,https://creamhonpo.crayonsite.net/
キッチン&ダイニング プクプク,042-673-7737,東京都八王子市初沢町1231-16 京王リトナード高尾C棟,ランチ11:30~15:00(LO14:00)ディナー17:00~22:00(LO21:00),火曜日,JR・京王線「高尾」徒歩3分,〇,〇,〇,〇,〇,〇,,,,,〇,,,,,https://ggks700.gorp.jp/
トラットリア&ピッツェリア Dai 町田本店,042-860-6191,東京都町田市森野1-34-2 鹿島屋ビル 1F,11:00~23:00(LO22:00),不定休,小田急線「町田」徒歩5分,,,〇,〇,〇,〇,,〇,,,〇,,〇,〇,,https://www.pleasure-company.com/trattoria-pizzeria/
寿司・しゃぶしゃぶ ゆず庵 多摩境店,042-775-6162 ,東京都町田市小山ヶ丘2-7-2,ランチ11:00~15:00(LO15:00)ディナー15:00~24:00最終入店22:00,12/31・1/1,京王線「多摩境」徒歩3分,〇,〇,,〇,〇,〇,〇,〇,〇,,〇,,〇,,,https://www.shabu-yuzuan.jp/shop/1
お好み焼本舗 多摩境店,042-775-7731,東京都町田市小山ヶ丘2-7-1,平日ランチ11:00~16:00(LO16:00)ディナー16:00~23:00(LO22:30)土・日・祝ランチ11:00~15:00(LO15:00)ディナー15:00~23:00(LO22:30),12/31・1/1,京王線「多摩境」徒歩3分,〇,〇,,,〇,〇,〇,〇,,,〇,,〇,,,https://www.okonomiyaki-honpo.jp/shop/226
バーミヤン 日野万願寺店,042-589-0120,東京都日野市万願寺4-31-2　,10:00~24:00(LO23:30),定休日無し,多摩都市モノレール「万願寺」徒歩15分,〇,〇,〇,〇,〇,〇,,〇,〇,,〇,,〇,,,https://store-info.skylark.co.jp/bamiyan/map/171536
かごの屋 多摩センター駅前店,050-1807-8638,東京都多摩市落合1-2-1,ランチ11:00~15:30(LO15:00)ディナー17:00~21:30(LO21:00)※土・日・祝のみ11:00~22:00(LO21:30),定休日無し,京王線「京王多摩センター」徒歩2分,〇,〇,〇,〇,〇,〇,〇,〇,,,〇,,〇,,,https://kagonoya.food-kr.com/0577/
稲城焼肉製作所,050-8881-3336,東京都稲城市大丸1045 藤ビル201,平日ランチ11:30~14:00(LO13:30)ディナー17:00~22:00(LO21:30)土・日・祝ランチ11:30~15:00(LO15:00)土ディナー15:00~22:30(LO22:00)日・祝ディナー 15:00~22:00(LO21:30),木曜日,JR「南多摩」徒歩2分,〇,,〇,〇,〇,〇,〇,,,,〇,,,,,https://inashiroyakinikuseisakujyo.com/index.html
丸源ラーメン 青梅店,0428-78-4655,東京都青梅市東青梅3-24-11,10:30~24:00(LO23:40)  ,12/31・1/1,JR「東青梅」徒歩12分,〇,〇,〇,〇,〇,〇,〇,〇,〇,,〇,,〇,,,https://www.syodai-marugen.jp/shop/205
うなぎのうな幸,0428-85-9495,東京都青梅市梅郷1-30-4,11:00~20:00(LO19:30),木曜日,JR「日向和田」徒歩16分,〇,〇,〇,〇,〇,〇,〇,,,,〇,,,,,https://tabelog.com/tokyo/A1330/A133003/13288894/
さかなや道場 秋川駅前店,042-532-7621,東京都あきる野市秋川1-1-1 第9グリーンビル秋川 1F,16:00~23:00(LO22:00),定休日無し,JR「秋川」徒歩1分,〇,,,〇,,〇,,〇,〇,,〇,,,〇,〇,https://sakanayadojo.com/akikawa/
桐生庵,042-533-2522,東京都あきる野市油平125-10,11:00~15:00,水・第3火曜日,JR「秋川」徒歩6分,〇,〇,〇,〇,,〇,〇,〇,,,〇,,〇,〇,,https://kiriuan-akiruno.com
雑魚や 紀洋丸,04992-2-1414,東京都大島町元町馬の背,ランチ11:30~13:30ディナー17:30~20:00,木・日・不定休,バス停「支庁前」徒歩5分,〇,,〇,〇,〇,〇,,〇,〇,,〇,,,,,https://www.instagram.com/kiyomaru_izuoshima?igsh-OGQ5ZDc2ODk2ZA%3D%3D&utm_source-qr
魚介創作料理 地魚処 魚八亭,04996-2-2807,東京都八丈町三根198-1,モーニング7:00~10:00ランチ11:00~15:00ディナー17:00~22:00,不定休,八丈島空港から徒歩20分,,〇,〇,〇,〇,〇,,,〇,,〇,,〇,〇,〇,https://uohachitei.com/hachijo/
Bonina（ボニーナ）,04998-2-3027,東京都小笠原村父島字東町,ランチ11:30~14:00(LO13:30)ディナー17:30~23:00(LO22:00),不定休,二見港船客ターミナルから徒歩3分,,,〇,〇,〇,〇,,〇,〇,,〇,,〇,〇,〇,https://www.instagram.com/bonina_ogasawara/
